Stock,Signals today,Rank,Exp/DAY%,RS%,Trades,Win%,Target #,Target %,Trail #,Trail %,Stop #,Stop %,Time #,Time %,Time-win,Time-loss,Expectancy%,Avg win%,Avg loss%,Avg days,BT from,BT to,Years,Remark,Loss %,Reward Risk,Profit Factor,Trades / Year,Annual Expectancy,Winning Exit %,Losing Exit %,Target Efficiency,Trail Efficiency,Stop Efficiency,Time Efficiency,Holding Efficiency,Profit Velocity,Signal Density,Trade Frequency,Exit Quality,Trading Style,Confidence Score,Risk Score,Opportunity Score,Consistency Score,Composite Score,Overall Rating,Recommendation,Institution Rank,Quality Flag,Exit Dominance,Risk Category
ADANIENT,True,2.17,0.035,42.3,552,43.8,185,33.5,0,0,298,54.0,69,12.5,57,12,0.42,9.48,-6.66,11.8,2015-09-18,2026-07-13,10.8,,56.2,,,51.11,21.47,90.5,66.0,33.51,0.0,53.99,12.5,0.036,19.32,0.002,0.203,Positive,Position,85.97,48.41,,,,Poor,REJECT,1,"Low Edge, High Stop Rate",Stop,High Risk
PERSISTENT,False,3.91,0.13,-11.34,464,51.5,178,38.4,0,0,208,44.8,78,16.8,61,17,1.87,9.46,-6.2,14.3,2015-09-18,2026-07-13,10.8,,48.5,,,42.96,80.34,99.4,61.8,38.36,0.0,44.83,16.81,0.131,60.32,0.0,0.17,Positive,Position,81.58,55.15,,,,Poor,REJECT,2,PASS,Stop,High Risk
DIXON,False,24.32,0.284,15.94,436,61.0,210,48.2,0,0,155,35.6,71,16.3,56,15,3.9,10.16,-5.89,13.7,2017-09-18,2026-07-13,8.8,limited history: 8.8y (<10y) - lower confidence,39.0,,,49.55,193.24,104.2,50.6,48.17,0.0,35.55,16.28,0.285,123.82,0.0,0.197,Positive,Position,76.83,68.13,,,,Poor,REJECT,3,PASS,Target,Medium Risk
BEL,False,0.0,-0.059,-14.17,508,32.7,84,16.5,0,0,298,58.7,126,24.8,82,44,-0.93,8.11,-5.32,15.9,2015-09-18,2026-07-13,10.8,,67.3,,,47.04,-43.75,98.5,102.7,16.54,0.0,58.66,24.8,-0.058,-29.97,0.0,0.187,Negative,Position,75.41,22.94,,,,Poor,REJECT,4,"Low Edge, High Stop Rate",Stop,Very High Risk
BALRAMCHIN,True,0.0,-0.078,13.28,480,37.1,121,25.2,0,0,264,55.0,95,19.8,57,38,-1.04,8.47,-6.65,13.4,2015-09-18,2026-07-10,10.8,,62.9,,,44.44,-46.22,82.2,93.0,25.21,0.0,55.0,19.79,-0.078,-37.44,0.002,0.176,Negative,Position,71.71,44.18,,,,Poor,REJECT,5,"Low Edge, High Stop Rate",Stop,High Risk
KEC,False,0.0,-0.034,-16.42,459,38.6,136,29.6,0,0,255,55.6,68,14.8,41,27,-0.5,9.27,-6.63,14.5,2015-09-18,2026-07-10,10.8,,61.4,,,42.5,-21.25,70.6,82.6,29.63,0.0,55.56,14.81,-0.034,-15.61,0.0,0.169,Negative,Position,71.44,41.29,,,,Poor,REJECT,6,"Low Edge, High Stop Rate",Stop,High Risk
CUMMINSIND,True,3.4,0.068,5.08,400,46.0,113,28.2,0,0,196,49.0,91,22.8,71,20,1.07,8.52,-5.27,15.8,2015-09-18,2026-07-13,10.8,,54.0,,,37.04,39.63,99.2,69.0,28.25,0.0,49.0,22.75,0.068,27.2,0.002,0.147,Positive,Position,70.91,38.12,,,,Poor,REJECT,7,PASS,Stop,Very High Risk
MOTHERSON,False,0.0,-0.02,10.66,425,40.2,100,23.5,0,0,230,54.1,95,22.4,71,24,-0.31,8.05,-5.94,15.4,2015-09-18,2026-07-13,10.8,,59.8,,,39.35,-12.2,94.5,78.1,23.53,0.0,54.12,22.35,-0.02,-8.5,0.0,0.156,Positive,Position,68.26,36.35,,,,Poor,REJECT,8,"Low Edge, High Stop Rate",Stop,Very High Risk
INDIGO,False,0.0,-0.057,12.18,429,36.6,95,22.1,0,0,258,60.1,76,17.7,62,14,-0.79,8.46,-6.13,13.9,2015-11-10,2026-07-13,10.7,,63.4,,,40.09,-31.67,84.1,74.1,22.14,0.0,60.14,17.72,-0.057,-24.45,0.0,0.159,Positive,Position,66.3,30.81,,,,Poor,REJECT,9,"Low Edge, High Stop Rate",Stop,Very High Risk
HFCL,True,1.3,0.022,137.62,386,42.7,149,38.6,0,0,211,54.7,26,6.7,16,10,0.18,10.35,-7.42,8.2,2015-09-18,2026-07-13,10.8,,57.3,,,35.74,6.43,54.6,64.7,38.6,0.0,54.66,6.74,0.022,8.49,0.003,0.142,Negative,Position,65.7,59.54,,,,Poor,REJECT,10,"Low Edge, High Stop Rate",Stop,High Risk
CDSL,False,3.57,0.082,1.87,407,44.0,146,35.9,0,0,206,50.6,55,13.5,33,22,1.0,9.97,-6.04,12.2,2017-06-30,2026-07-13,9.0,limited history: 9.0y (<10y) - lower confidence,56.0,,,45.22,45.22,68.9,72.6,35.87,0.0,50.61,13.51,0.082,33.37,0.0,0.179,Negative,Position,62.74,47.9,,,,Poor,REJECT,11,High Stop Rate,Stop,High Risk
CEATLTD,False,0.0,-0.039,0.74,342,36.5,102,29.8,0,0,193,56.4,47,13.7,23,24,-0.52,9.74,-6.43,13.4,2015-09-18,2026-07-13,10.8,,63.5,,,31.67,-16.47,52.8,80.4,29.82,0.0,56.43,13.74,-0.039,-13.34,0.0,0.126,Negative,Position,57.76,40.07,,,,Poor,REJECT,12,"Low Edge, High Stop Rate",Stop,High Risk
TATAPOWER,False,0.86,0.042,-15.82,305,45.2,103,33.8,0,0,159,52.1,43,14.1,35,8,0.52,8.77,-6.3,12.3,2015-09-18,2026-07-13,10.8,,54.8,,,28.24,14.68,68.8,60.1,33.77,0.0,52.13,14.1,0.042,12.81,0.0,0.112,Positive,Position,57.65,47.57,,,,Poor,REJECT,13,"Low Edge, High Stop Rate",Stop,High Risk
INFY,False,0.92,0.041,-19.64,285,49.5,38,13.3,0,0,116,40.7,131,46.0,103,28,0.8,5.53,-3.83,19.6,2015-09-18,2026-07-13,10.8,,50.5,,,26.39,21.11,116.3,68.7,13.33,0.0,40.7,45.96,0.041,11.68,0.0,0.105,Positive,Position,56.46,32.99,,,,Poor,REJECT,14,Low Edge,Time,Very High Risk
YESBANK,False,1.44,0.024,16.89,246,45.1,76,30.9,0,0,120,48.8,50,20.3,35,15,0.34,8.55,-6.42,14.0,2015-09-18,2026-07-13,10.8,,54.9,,,22.78,7.75,65.9,63.8,30.89,0.0,48.78,20.33,0.024,5.9,0.0,0.09,Positive,Position,50.07,51.13,,,,Poor,REJECT,15,Low Edge,Stop,High Risk
LICHSGFIN,False,0.0,-0.082,-0.41,290,32.8,74,25.5,0,0,176,60.7,40,13.8,21,19,-1.06,7.96,-5.46,12.9,2015-09-18,2026-07-10,10.8,,67.2,,,26.85,-28.46,46.5,79.7,25.52,0.0,60.69,13.79,-0.082,-23.78,0.0,0.107,Negative,Position,49.54,25.74,,,,Poor,REJECT,16,"Low Edge, High Stop Rate",Stop,Very High Risk
RELIANCE,False,0.0,-0.004,-9.01,251,37.1,43,17.1,0,0,136,54.2,72,28.7,50,22,-0.07,7.32,-4.42,16.3,2015-09-18,2026-07-13,10.8,,62.9,,,23.24,-1.63,67.1,76.2,17.13,0.0,54.18,28.69,-0.004,-1.0,0.0,0.092,Negative,Position,48.99,21.79,,,,Poor,REJECT,17,"Low Edge, High Stop Rate",Stop,Very High Risk
MARUTI,False,0.0,-0.015,0.01,247,40.5,29,11.7,0,0,132,53.4,86,34.8,71,15,-0.26,6.3,-4.72,17.6,2015-09-18,2026-07-10,10.8,,59.5,,,22.87,-5.95,82.7,68.4,11.74,0.0,53.44,34.82,-0.015,-3.7,0.0,0.091,Positive,Position,47.76,23.54,,,,Poor,REJECT,18,"Low Edge, High Stop Rate",Stop,Very High Risk
ITC,False,0.71,0.026,-10.84,217,48.8,24,11.1,0,0,92,42.4,101,46.5,82,19,0.52,5.57,-4.32,19.9,2015-09-18,2026-07-13,10.8,,51.2,,,20.09,10.45,93.1,61.4,11.06,0.0,42.4,46.54,0.026,5.64,0.0,0.08,Positive,Position,47.42,33.98,,,,Poor,REJECT,19,Low Edge,Time,Very High Risk
IDEA,True,0.0,-0.129,41.94,253,39.9,100,39.5,0,0,140,55.3,13,5.1,1,12,-1.0,10.3,-8.52,7.8,2015-09-18,2026-07-13,10.8,,60.1,,,23.43,-23.43,40.5,67.3,39.53,0.0,55.34,5.14,-0.128,-32.64,0.004,0.093,Negative,Position,45.48,68.6,,,,Poor,REJECT,20,"Low Edge, High Stop Rate",Stop,Medium Risk
HINDUNILVR,False,0.0,-0.004,-6.19,199,47.7,15,7.5,0,0,85,42.7,99,49.7,80,19,-0.08,4.5,-4.27,20.3,2015-09-18,2026-07-13,10.8,,52.3,,,18.43,-1.47,87.5,61.7,7.54,0.0,42.71,49.75,-0.004,-0.8,0.0,0.073,Positive,Position,42.91,32.44,,,,Poor,REJECT,21,Low Edge,Time,Very High Risk
TCS,False,0.0,-0.014,-19.4,155,40.0,25,16.1,0,0,69,44.5,61,39.4,37,24,-0.26,6.6,-4.84,18.6,2015-09-18,2026-07-13,10.8,,60.0,,,14.35,-3.73,53.1,68.5,16.13,0.0,44.52,39.35,-0.014,-2.17,0.0,0.057,Negative,Position,37.06,37.15,,,,Poor,REJECT,22,Low Edge,Stop,Very High Risk
HDFCBANK,False,0.0,-0.03,-3.28,122,36.1,17,13.9,0,0,60,49.2,45,36.9,27,18,-0.51,5.98,-4.17,16.8,2015-09-18,2026-07-13,10.8,,63.9,,,11.3,-5.76,40.9,67.2,13.93,0.0,49.18,36.89,-0.03,-3.66,0.0,0.045,Negative,Position,32.22,26.83,,,,Poor,REJECT,23,Low Edge,Stop,Very High Risk
PAYTM,False,1.74,0.031,15.67,197,43.1,66,33.5,0,0,97,49.2,34,17.3,19,15,0.42,9.12,-6.19,13.7,2021-11-18,2026-07-13,4.6,limited history: 4.6y (<10y) - lower confidence,56.9,,,42.83,17.99,52.5,64.2,33.5,0.0,49.24,17.26,0.031,6.11,0.0,0.17,Negative,Position,14.69,49.02,,,,Poor,REJECT,24,Low Edge,Stop,High Risk
